-- phpMyAdmin SQL Dump
-- version 5.2.0
-- https://www.phpmyadmin.net/
--
-- Host: localhost
-- Generation Time: Nov 21, 2022 at 01:44 PM
-- Server version: 10.4.25-MariaDB
-- PHP Version: 8.1.10

SET SQL_MODE = "NO_AUTO_VALUE_ON_ZERO";
START TRANSACTION;
SET time_zone = "+00:00";


/*!40101 SET @OLD_CHARACTER_SET_CLIENT=@@CHARACTER_SET_CLIENT */;
/*!40101 SET @OLD_CHARACTER_SET_RESULTS=@@CHARACTER_SET_RESULTS */;
/*!40101 SET @OLD_COLLATION_CONNECTION=@@COLLATION_CONNECTION */;
/*!40101 SET NAMES utf8mb4 */;

--
-- Database: `ecomm`
--

-- --------------------------------------------------------

--
-- Table structure for table `cart`
--

CREATE TABLE `cart` (
  `id` int(11) NOT NULL,
  `user_id` int(11) NOT NULL,
  `product_id` int(11) NOT NULL,
  `quantity` int(11) NOT NULL
) ENGINE=InnoDB DEFAULT CHARSET=latin1;

-- --------------------------------------------------------

--
-- Table structure for table `category`
--

CREATE TABLE `category` (
  `id` int(11) NOT NULL,
  `name` varchar(100) NOT NULL,
  `cat_slug` varchar(150) NOT NULL
) ENGINE=InnoDB DEFAULT CHARSET=latin1;

--
-- Dumping data for table `category`
--

INSERT INTO `category` (`id`, `name`, `cat_slug`) VALUES
(1, 'Médicaments homéopathiques', 'homéopathiques'),
(2, 'Médicaments stupéfiants', 'stupéfiants'),
(3, 'Médicaments dérivés du sang', 'medicaments'),
(4, 'Contraceptifs', '');

-- --------------------------------------------------------

--
-- Table structure for table `details`
--

CREATE TABLE `details` (
  `id` int(11) NOT NULL,
  `sales_id` int(11) NOT NULL,
  `product_id` int(11) NOT NULL,
  `quantity` int(11) NOT NULL
) ENGINE=InnoDB DEFAULT CHARSET=latin1;

--
-- Dumping data for table `details`
--

INSERT INTO `details` (`id`, `sales_id`, `product_id`, `quantity`) VALUES
(14, 9, 11, 2),
(15, 9, 13, 5),
(16, 9, 3, 2),
(17, 9, 1, 3),
(18, 10, 13, 3),
(19, 10, 2, 4),
(20, 10, 19, 5);

-- --------------------------------------------------------

--
-- Table structure for table `products`
--

CREATE TABLE `products` (
  `id` int(11) NOT NULL,
  `category_id` int(11) NOT NULL,
  `name` text NOT NULL,
  `description` text NOT NULL,
  `slug` varchar(200) NOT NULL,
  `price` double NOT NULL,
  `photo` varchar(200) NOT NULL,
  `date_view` date NOT NULL,
  `counter` int(11) NOT NULL
) ENGINE=InnoDB DEFAULT CHARSET=latin1;

--
-- Dumping data for table `products`
--

INSERT INTO `products` (`id`, `category_id`, `name`, `description`, `slug`, `price`, `photo`, `date_view`, `counter`) VALUES
(1, 1, 'Médicaments homéopathiques1', '<p>Médicaments homéopathiques1 description </p>\r\n', 'homéopathiques', 899, '5.jpeg', '2022-11-20', 4),
(2, 1, 'Médicaments homéopathiques2', '<p>Médicaments homéopathiques 2 \r\n\r\ndescriptions 2</p>\r\n', 'homéopathiques', 799, '2.jpg', '2018-05-10', 3),
(3, 1, 'Médicaments homéopathiques 3', '<p>Médicaments homéopathiques 3 descriptions 3.</p>\r\n', 'homéopathiques', 599, '3.jpeg', '2018-05-12', 1),
(4, 1, 'Médicaments homéopathiques 4', '<p>-Médicaments homéopathiques 4. descriptions 4</p>\r\n', 'homéopathiques', 399, '4.jpeg', '2018-05-10', 3),
(5, 3, 'Médicaments dérivés du sang', '<p>Médicaments dérivés du sang description </p>\r\n', 'medicament', 339, '11.jpeg', '2018-07-09', 3),
(6, 1, 'Médicaments homéopathiques 6', '<p>Médicaments homéopathiques 6 descriptions 6.</p>\r\n', 'Médicaments homéopathiques1', 449.99, '12.jpg', '0000-00-00', 0),
(7, 3, 'Médicaments dérivés du sang 2', '<p>Médicaments dérivés du sang 2 descriptions 2 </p>\r\n', 'Médicaments dérivés du sang', 619, '22.jpg', '2022-11-20', 3),
(8, 1, 'Médicaments homéopathiques  7', '<p>Médicaments homéopathiques 7. descriptions 7</p>\r\n', 'Médicaments homéopathiques', 549.99, '13.jpg', '0000-00-00', 0),
(9, 2, 'PC SPECIALIST Vortex Core Lite Gaming PC', '<p>- Top performance for playing eSports and more&nbsp;<br />\r\n<br />\r\n- NVIDIA GeForce GTX graphics deliver smooth visuals&nbsp;<br />\r\n<br />\r\n- GeForce Experience delivers updates straight to your PC&nbsp;<br />\r\n<br />\r\nThe PC Specialist&nbsp;<strong>Vortex Core Lite&nbsp;</strong>is part of our Gaming range, bringing you the most impressive PCs available today. It has spectacular graphics and fast processing performance to suit the most exacting players.</p>\r\n', 'pc-specialist-vortex-core-lite-gaming-pc', 599.99, 'pc-specialist-vortex-core-lite-gaming-pc.jpg', '0000-00-00', 0),
(10, 2, 'DELL Inspiron 5675 Gaming PC - Recon Blue', '<p>All-new gaming desktop featuring powerful AMD Ryzen&trade; processors, graphics ready for VR, LED lighting and a meticulous design for optimal cooling.</p>\r\n', 'dell-inspiron-5675-gaming-pc-recon-blue', 599.99, 'dell-inspiron-5675-gaming-pc-recon-blue.jpg', '2018-05-10', 1),
(11, 2, 'HP Barebones OMEN X 900-099nn Gaming PC', '<p>What&#39;s inside matters.</p>\r\n\r\n<p>Without proper cooling, top tierperformance never reaches its fullpotential.</p>\r\n\r\n<p>Nine lighting zones accentuate theaggressive lines and smooth blackfinish of this unique galvanized steelcase.</p>\r\n', 'hp-barebones-omen-x-900-099nn-gaming-pc', 489.98, 'hp-barebones-omen-x-900-099nn-gaming-pc.jpg', '2018-05-12', 1),
(12, 2, 'ACER Aspire GX-781 Gaming PC', '<p>- GTX 1050 graphics card lets you play huge games in great resolutions&nbsp;<br />\r\n<br />\r\n- Latest generation Core&trade; i5 processor can handle demanding media software&nbsp;<br />\r\n<br />\r\n- Superfast SSD storage lets you load programs in no time&nbsp;<br />\r\n<br />\r\nThe Acer&nbsp;<strong>Aspire&nbsp;GX-781 Gaming PC&nbsp;</strong>is part of our Gaming range, which offers the most powerful PCs available today. It has outstanding graphics and processing performance to suit the most demanding gamer.</p>\r\n', 'acer-aspire-gx-781-gaming-pc', 749.99, 'acer-aspire-gx-781-gaming-pc.jpg', '2018-05-12', 3),
(13, 2, 'HP Pavilion Power 580-015na Gaming PC', '<p>Features the latest quad core Intel i5 processor and discrete graphics. With this power, you&rsquo;re ready to take on any activity from making digital art to conquering new worlds in VR.</p>\r\n\r\n<p>Choose the performance and storage you need. Boot up in seconds with to 128 GB SSD.</p>\r\n\r\n<p>Ditch the dull grey box, this desktop comes infused with style. A new angular bezel and bold green and black design give your workspace just the right amount of attitude.</p>\r\n\r\n<p>Up to 3 times faster performance - GeForce GTX 10-series graphics cards are powered by Pascal to deliver twice the performance of previous-generation graphics cards.</p>\r\n', 'hp-pavilion-power-580-015na-gaming-pc', 799.99, 'hp-pavilion-power-580-015na-gaming-pc.jpg', '2018-05-12', 1),
(14, 2, 'LENOVO Legion Y520 Gaming PC', '<p>- Multi-task with ease thanks to Intel&reg; i5 processor&nbsp;<br />\r\n<br />\r\n- Prepare for battle with NVIDIA GeForce GTX graphics card&nbsp;<br />\r\n<br />\r\n- VR ready for the next-generation of immersive gaming and entertainment<br />\r\n<br />\r\n- Tool-less upgrade helps you personalise your system to your own demands&nbsp;<br />\r\n<br />\r\nPart of our Gaming range, which features the most powerful PCs available today, the Lenovo&nbsp;<strong>Legion Y520 Gaming PC</strong>&nbsp;has superior graphics and processing performance to suit the most demanding gamer.</p>\r\n', 'lenovo-legion-y520-gaming-pc', 899.99, 'lenovo-legion-y520-gaming-pc.jpg', '2018-05-10', 13),
(15, 2, 'PC SPECIALIST Vortex Minerva XT-R Gaming PC', '<p>- NVIDIA GeForce GTX graphics for stunning gaming visuals<br />\r\n<br />\r\n- Made for eSports with a speedy 7th generation Intel&reg; Core&trade; i5 processor<br />\r\n<br />\r\n- GeForce technology lets you directly update drivers, record your gaming and more<br />\r\n<br />\r\nThe PC Specialist&nbsp;<strong>Vortex Minerva XT-R Gaming PC</strong>&nbsp;is part of our Gaming range, which offers the most powerful PCs available. Its high-performance graphics and processing are made to meet the needs of serious gamers.</p>\r\n', 'pc-specialist-vortex-minerva-xt-r-gaming-pc', 999.99, 'pc-specialist-vortex-minerva-xt-r-gaming-pc.jpg', '2018-07-09', 1),
(16, 2, 'PC SPECIALIST Vortex Core II Gaming PC', '<p>Processor: Intel&reg; CoreTM i3-6100 Processor- Dual-core- 3.7 GHz- 3 MB cache</p>\r\n\r\n<p>Memory (RAM): 8 GB DDR4 HyperX, Storage: 1 TB HDD, 7200 rpm</p>\r\n\r\n<p>Graphics card: NVIDIA GeForce GTX 950 (2 GB GDDR5), Motherboard: ASUS H110M-R</p>\r\n\r\n<p>USB: USB 3.0 x 3- USB 2.0 x 5, Video interface: HDMI x 1- DisplayPort x 1- DVI x 2, Audio interface: 3.5 mm jack, Optical disc drive: DVD/RW, Expansion card slot PCIe: (x1) x 2</p>\r\n\r\n<p>Sound: 5.1 Surround Sound support PSU Corsair: VS350, 350W, Colour: Black- Green highlights, Box contents: PC Specialist Vortex Core- AC power cable</p>\r\n', 'pc-specialist-vortex-core-ii-gaming-pc', 649.99, 'pc-specialist-vortex-core-ii-gaming-pc.jpg', '2018-05-10', 2),
(17, 3, 'Médicaments dérivés du sang 4', '<p>Médicaments dérivés du sang 4 descriptions 4</p>\r\n', 'Médicaments dérivés du sang', 49.99, '21.jpg', '2018-05-12', 1),
(18, 3, 'Médicaments dérivés du sang 3', '<p>Médicaments dérivés du sang 3 description  3</p>\r\n', 'Médicaments dérivés du sang', 79.99, '23.jpg', '2018-05-12', 2),
(19, 3, 'Médicaments dérivés du sang 5', '<p>Médicaments dérivés du sang 5 descriptions 5</p>\r\n', 'Médicaments dérivés du sang', 99.99, '12.jpg', '2018-05-10', 1),
(20, 3, 'Médicaments dérivés du sang 6', '<p>Médicaments dérivés du sang 6 descriptions 6 </p>\r\n', 'Médicaments dérivés du sang', 339, '6.jpg', '2018-05-12', 1),
(27, 1, 'Dell XPS 15 9560', '<p>The world&rsquo;s smallest 15.6-inch performance laptop packs powerhouse performance and a stunning InfinityEdge display &mdash; all in our most powerful XPS laptop. Featuring the latest Intel&reg; processors.</p>\r\n\r\n<h2>Operating system</h2>\r\n\r\n<p><strong>Available with Windows 10 Home&nbsp;</strong>- Get the best combination of Windows features you know and new improvements you&#39;ll love.</p>\r\n\r\n<h2>Innovation that inspires.</h2>\r\n\r\n<p>When you&rsquo;re at the forefront of ingenuity, you get noticed. That&rsquo;s why it&rsquo;s no surprise the XPS 15 was honored. The winning streak continues.</p>\r\n\r\n<h2>Meet the smallest 15.6-inch laptop on the planet.</h2>\r\n\r\n<p><strong>The world&rsquo;s only 15.6-inch InfinityEdge display*:</strong>&nbsp;The virtually borderless display maximizes screen space by accommodating a 15.6-inch display inside a laptop closer to the size of a 14-inch, thanks to a bezel measuring just 5.7mm.<br />\r\n&nbsp;<br />\r\n<strong>Operating System: Windows 10 Pro.</strong><br />\r\n<br />\r\n<strong>One-of-a-kind design:</strong>&nbsp;Measuring in at a slim 11-17mm and starting at just 4 pounds (1.8 kg) with a solid state drive, the XPS 15 is one of the world&rsquo;s lightest 15-inch performance-class laptop.</p>\r\n\r\n<h2>A stunning view, wherever you go.</h2>\r\n\r\n<p><strong>Dazzling detail:</strong>&nbsp;With the UltraSharp 4K Ultra HD display (3840 x 2160), you can see each detail of every pixel without needing to zoom in. And with 6 million more pixels than Full HD and 3 million more than the MacBook Pro, you can edit images with pinpoint accuracy without worrying about blurriness or jagged lines.<br />\r\n<br />\r\n<strong>Industry-leading color:</strong>&nbsp;The XPS 15 is the only laptop with 100% Adobe RGB color, covering a wider color gamut and producing shades of color outside conventional panels so you can see more of what you see in real life. And with over 1 billion colors, images appear smoother and color gradients are amazingly lifelike with more depth and dimension. Included is Dell PremierColor software, which automatically remaps content not already in Adobe RGB format for onscreen colors that appear amazingly accurate and true to life.<br />\r\n<br />\r\n<strong>Easy collaboration:</strong>&nbsp;See your screen from nearly every angle with an IGZO IPS panel, providing a wide viewing angle of up to 170&deg;.&nbsp;<br />\r\n<br />\r\n<strong>Brighten your day:</strong>&nbsp;With 350 nit brightness, it&rsquo;s brighter than a typical laptop.<br />\r\n<br />\r\n<strong>Touch-friendly:</strong>&nbsp;Tap, swipe and pinch your way around the screen. The optional touch display lets you interact naturally with your technology.</p>\r\n', 'dell-xps-15-9560', 1599, 'dell-xps-15-9560.jpg', '2018-07-09', 9),
(28, 4, 'Samsung Note 8', '<p>See the bigger picture and communicate in a whole new way. With the Galaxy Note8 in your hand, bigger things are just waiting to happen.&nbsp;</p>\r\n\r\n<h3>The Infinity Display that&#39;s larger than life.&nbsp;</h3>\r\n\r\n<p>More screen means more space to do great things. Go big with the Galaxy Note8&#39;s 6.3&quot; screen. It&#39;s the largest ever screen on a Note device and it still fits easily in your hand.</p>\r\n\r\n<p>*Infinity Display: a near bezel-less, full-frontal glass, edge-to-edge screen.</p>\r\n\r\n<p>*Screen measured diagonally as a full rectangle without accounting for the rounded corners.</p>\r\n\r\n<p>Use the S Pen to express yourself in ways that make a difference. Draw your own emojis to show how you feel or write a message on a photo and send it as a handwritten note. Do things that matter with the S Pen.</p>\r\n\r\n<p>*Image simulated for illustration purpose only.</p>\r\n', 'samsung-note-8', 829, 'samsung-note-8.jpg', '0000-00-00', 0),
(29, 4, 'Samsung Galaxy S9+ [128 GB]', '<h2>The revolutionary camera that adapts like the human eye.&nbsp;</h2>\r\n\r\n<h3>Capture stunning pictures in bright daylight and super low light.</h3>\r\n\r\n<p>Our category-defining Dual Aperture lens adapts like the human eye. It&#39;s able to automatically switch between various lighting conditions with ease&mdash;making your photos look great whether it&#39;s bright or dark, day or night.</p>\r\n\r\n<p>*Dual Aperture supports F1.5 and F2.4 modes. Installed on the rear camera (Galaxy S9)/rear wide camera (Galaxy S9+).</p>\r\n\r\n<p><img alt=\"\" src=\"https://www.samsung.com/global/galaxy/galaxy-s9/images/galaxy-s9_slow_gif_visual_l.jpg\" style=\"height:464px; width:942px\" />Add music. Make GIFs. Get likes</p>\r\n\r\n<p>Super Slow-mo lets you see the things you could have missed in the blink of an eye. Set the video to music or turn it into a looping GIF, and share it with a tap. Then sit back and watch the reactions roll in.</p>\r\n', 'samsung-galaxy-s9-128-gb', 889.99, 'samsung-galaxy-s9-128-gb.jpg', '2018-07-09', 3);

-- --------------------------------------------------------

--
-- Table structure for table `sales`
--

CREATE TABLE `sales` (
  `id` int(11) NOT NULL,
  `user_id` int(11) NOT NULL,
  `pay_id` varchar(50) NOT NULL,
  `sales_date` date NOT NULL
) ENGINE=InnoDB DEFAULT CHARSET=latin1;

--
-- Dumping data for table `sales`
--

INSERT INTO `sales` (`id`, `user_id`, `pay_id`, `sales_date`) VALUES
(9, 9, 'PAY-1RT494832H294925RLLZ7TZA', '2018-05-10'),
(10, 9, 'PAY-21700797GV667562HLLZ7ZVY', '2018-05-10');

-- --------------------------------------------------------

--
-- Table structure for table `users`
--

CREATE TABLE `users` (
  `id` int(11) NOT NULL,
  `email` varchar(200) NOT NULL,
  `password` varchar(60) NOT NULL,
  `type` int(1) NOT NULL,
  `firstname` varchar(50) NOT NULL,
  `lastname` varchar(50) NOT NULL,
  `address` text NOT NULL,
  `contact_info` varchar(100) NOT NULL,
  `photo` varchar(200) NOT NULL,
  `status` int(1) NOT NULL,
  `activate_code` varchar(15) NOT NULL,
  `reset_code` varchar(15) NOT NULL,
  `created_on` date NOT NULL
) ENGINE=InnoDB DEFAULT CHARSET=latin1;

--
-- Dumping data for table `users`
--

INSERT INTO `users` (`id`, `email`, `password`, `type`, `firstname`, `lastname`, `address`, `contact_info`, `photo`, `status`, `activate_code`, `reset_code`, `created_on`) VALUES
(1, 'admin@admin.com', '$2y$10$0SHFfoWzz8WZpdu9Qw//E.tWamILbiNCX7bqhy3od0gvK5.kSJ8N2', 1, 'Code', 'Projects', '', '', 'thanos1.jpg', 1, '', '', '2018-05-01'),
(9, 'harry@den.com', '$2y$10$Oongyx.Rv0Y/vbHGOxywl.qf18bXFiZOcEaI4ZpRRLzFNGKAhObSC', 0, 'Harry', 'Den', 'Silay City, Negros Occidental', '09092735719', 'male2.png', 1, 'k8FBpynQfqsv', 'wzPGkX5IODlTYHg', '2018-05-09'),
(12, 'christine@gmail.com', '$2y$10$ozW4c8r313YiBsf7HD7m6egZwpvoE983IHfZsPRxrO1hWXfPRpxHO', 0, 'Christine', 'becker', 'demo', '7542214500', 'female3.jpg', 1, '', '', '2018-07-09');

--
-- Indexes for dumped tables
--

--
-- Indexes for table `cart`
--
ALTER TABLE `cart`
  ADD PRIMARY KEY (`id`);

--
-- Indexes for table `category`
--
ALTER TABLE `category`
  ADD PRIMARY KEY (`id`);

--
-- Indexes for table `details`
--
ALTER TABLE `details`
  ADD PRIMARY KEY (`id`);

--
-- Indexes for table `products`
--
ALTER TABLE `products`
  ADD PRIMARY KEY (`id`);

--
-- Indexes for table `sales`
--
ALTER TABLE `sales`
  ADD PRIMARY KEY (`id`);

--
-- Indexes for table `users`
--
ALTER TABLE `users`
  ADD PRIMARY KEY (`id`);

--
-- AUTO_INCREMENT for dumped tables
--

--
-- AUTO_INCREMENT for table `cart`
--
ALTER TABLE `cart`
  MODIFY `id` int(11) NOT NULL AUTO_INCREMENT, AUTO_INCREMENT=9;

--
-- AUTO_INCREMENT for table `category`
--
ALTER TABLE `category`
  MODIFY `id` int(11) NOT NULL AUTO_INCREMENT, AUTO_INCREMENT=5;

--
-- AUTO_INCREMENT for table `details`
--
ALTER TABLE `details`
  MODIFY `id` int(11) NOT NULL AUTO_INCREMENT, AUTO_INCREMENT=21;

--
-- AUTO_INCREMENT for table `products`
--
ALTER TABLE `products`
  MODIFY `id` int(11) NOT NULL AUTO_INCREMENT, AUTO_INCREMENT=30;

--
-- AUTO_INCREMENT for table `sales`
--
ALTER TABLE `sales`
  MODIFY `id` int(11) NOT NULL AUTO_INCREMENT, AUTO_INCREMENT=11;

--
-- AUTO_INCREMENT for table `users`
--
ALTER TABLE `users`
  MODIFY `id` int(11) NOT NULL AUTO_INCREMENT, AUTO_INCREMENT=13;
COMMIT;

/*!40101 SET CHARACTER_SET_CLIENT=@OLD_CHARACTER_SET_CLIENT */;
/*!40101 SET CHARACTER_SET_RESULTS=@OLD_CHARACTER_SET_RESULTS */;
/*!40101 SET COLLATION_CONNECTION=@OLD_COLLATION_CONNECTION */;
